,RR,accuracy,reassignment,t3
nb_le_f0_d0_b1_c36_v0,0.46885605135605135,0.2857142857142857,0.9,0.3968253968253968
nb_ohe_f0_d0_b1_c36_v0,0.6458277172562887,0.46190476190476193,0.8,0.6079365079365079
lrr_le_f0_d0_b1_c36_v0,0.502065540279826,0.30952380952380953,0.8333333333333334,0.4396825396825397
lrr_ohe_f0_d0_b1_c36_v0,0.6242363456649171,0.44761904761904764,0.7,0.5738095238095238
svm_le_f0_d0_b1_c36_v0,0.4736891415462844,0.2714285714285714,0.9333333333333333,0.40555555555555556
svm_ohe_f0_d0_b1_c36_v0,0.6396953575525004,0.4380952380952381,0.7333333333333334,0.5984126984126984
