,RR,accuracy,reassignment,t3
nb_le_f0_d0_b1_c1_v0,0.3506031138173995,0.19523809523809524,0.8300970873786407,0.26587301587301587
nb_ohe_f0_d0_b1_c1_v0,0.35488882810311384,0.2,0.8,0.2706349206349206
lrr_le_f0_d0_b1_c1_v0,0.3654314204314204,0.2,0.8300970873786407,0.2857142857142857
lrr_ohe_f0_d0_b1_c1_v0,0.3650686086400372,0.2,0.8,0.2857142857142857
svm_le_f0_d0_b1_c1_v0,0.3486945726231441,0.19523809523809524,0.8300970873786407,0.26587301587301587
svm_ohe_f0_d0_b1_c1_v0,0.32183464683464685,0.19047619047619047,0.7666666666666666,0.23492063492063492
