,RR,accuracy,reassignment,t3
nb_le_f0_d0_b0_c0_v0,0.4670909513766657,0.2857142857142857,0.8058252427184466,0.3976190476190476
nb_ohe_f0_d0_b0_c0_v0,0.6299656956799814,0.42857142857142855,0.7333333333333334,0.5920634920634921
lrr_le_f0_d0_b0_c0_v0,0.49808263165406025,0.3238095238095238,0.7864077669902912,0.43174603174603177
lrr_ohe_f0_d0_b0_c0_v0,0.6466988434845578,0.47619047619047616,0.6,0.6
svm_le_f0_d0_b0_c0_v0,0.48239246203531916,0.2714285714285714,0.7669902912621359,0.4103174603174603
svm_ohe_f0_d0_b0_c0_v0,0.623985260770975,0.36666666666666664,0.6666666666666667,0.5833333333333334
