,RR,accuracy,reassignment,t3
nb_le_f0_d0_b0_c1_v0,0.3546847464704608,0.2,0.8300970873786407,0.2706349206349206
nb_ohe_f0_d0_b0_c1_v0,0.3537777169920027,0.2,0.8333333333333334,0.26904761904761904
lrr_le_f0_d0_b0_c1_v0,0.36521978021978024,0.2,0.8300970873786407,0.2857142857142857
lrr_ohe_f0_d0_b0_c1_v0,0.36515364265364264,0.2,0.8666666666666667,0.2857142857142857
svm_le_f0_d0_b0_c1_v0,0.33696709375280803,0.19523809523809524,0.8300970873786407,0.25873015873015875
svm_ohe_f0_d0_b0_c1_v0,0.34535866250151964,0.19523809523809524,0.9333333333333333,0.2611111111111111
