,RR,accuracy,reassignment,t3
nb_le_f0_d0_b1_c29_v0,0.46442562728277015,0.2857142857142857,0.8252427184466019,0.4
nb_ohe_f0_d0_b1_c29_v0,0.6361810279667423,0.4523809523809524,0.7,0.5952380952380952
lrr_le_f0_d0_b1_c29_v0,0.5101441151441152,0.35714285714285715,0.7718446601941747,0.4380952380952381
lrr_ohe_f0_d0_b1_c29_v0,0.6077702720559863,0.4142857142857143,0.7,0.557936507936508
svm_le_f0_d0_b1_c29_v0,0.4861224357652929,0.2857142857142857,0.7815533980582524,0.4166666666666667
svm_ohe_f0_d0_b1_c29_v0,0.6139779268350697,0.3904761904761905,0.6333333333333333,0.5682539682539682
