,RR,accuracy,reassignment,t3
nb_le_f0_d0_b1_c0_v0,0.4670909513766657,0.2857142857142857,0.8058252427184466,0.3976190476190476
nb_ohe_f0_d0_b1_c0_v0,0.6259974417117274,0.4238095238095238,0.7,0.5873015873015873
lrr_le_f0_d0_b1_c0_v0,0.49812592169735026,0.3238095238095238,0.7864077669902912,0.43174603174603177
lrr_ohe_f0_d0_b1_c0_v0,0.6466988434845578,0.47619047619047616,0.7333333333333334,0.6
svm_le_f0_d0_b1_c0_v0,0.469748730105873,0.26666666666666666,0.7669902912621359,0.3968253968253968
svm_ohe_f0_d0_b1_c0_v0,0.620974765974766,0.37142857142857144,0.7666666666666666,0.5777777777777777
