,RR,accuracy,reassignment,t3
nb_le_f0_d0_b1_c2_v0,0.4621572607286893,0.2857142857142857,0.8252427184466019,0.3865079365079365
nb_ohe_f0_d0_b1_c2_v0,0.6268745275888133,0.42857142857142855,0.7,0.5873015873015873
lrr_le_f0_d0_b1_c2_v0,0.5027456406027835,0.3380952380952381,0.7766990291262136,0.4365079365079365
lrr_ohe_f0_d0_b1_c2_v0,0.6345633731348017,0.46190476190476193,0.7666666666666666,0.5896825396825397
svm_le_f0_d0_b1_c2_v0,0.47005272505272505,0.2857142857142857,0.7766990291262136,0.3952380952380952
svm_ohe_f0_d0_b1_c2_v0,0.6325963718820862,0.3761904761904762,0.7666666666666666,0.5928571428571429
