,RR,accuracy,reassignment,t3
nb_le_f0_d0_b0_c29_v0,0.46003002288716577,0.28095238095238095,0.8252427184466019,0.3952380952380952
nb_ohe_f0_d0_b0_c29_v0,0.6338000755857899,0.44761904761904764,0.6,0.5928571428571429
lrr_le_f0_d0_b0_c29_v0,0.5115726865726866,0.35714285714285715,0.7718446601941747,0.44047619047619047
lrr_ohe_f0_d0_b0_c29_v0,0.6115797958655101,0.41904761904761906,0.6,0.5626984126984127
svm_le_f0_d0_b0_c29_v0,0.4856274677703249,0.28095238095238095,0.7815533980582524,0.4126984126984127
svm_ohe_f0_d0_b0_c29_v0,0.618688467617039,0.3952380952380952,0.7666666666666666,0.5753968253968254
