,RR,accuracy,reassignment,t3
nb_le_f0_d0_b0_c5_v0,0.39717799396370823,0.19047619047619047,0.8592233009708738,0.3119047619047619
nb_ohe_f0_d0_b0_c5_v0,0.6035582539153967,0.38571428571428573,0.8333333333333334,0.5666666666666667
lrr_le_f0_d0_b0_c5_v0,0.42654731511874366,0.22857142857142856,0.8446601941747574,0.3396825396825397
lrr_ohe_f0_d0_b0_c5_v0,0.6077525120382263,0.4,0.7666666666666666,0.5642857142857143
svm_le_f0_d0_b0_c5_v0,0.4289652675366961,0.21428571428571427,0.7864077669902912,0.35
svm_ohe_f0_d0_b0_c5_v0,0.58892513571085,0.29523809523809524,0.6666666666666667,0.5476190476190477
