,RR,accuracy,reassignment,t3
nb_le_f0_d0_b0_c36_v0,0.4733242551099694,0.2904761904761905,0.8666666666666667,0.40555555555555556
nb_ohe_f0_d0_b0_c36_v0,0.6529290022147165,0.47619047619047616,0.8,0.6158730158730159
lrr_le_f0_d0_b0_c36_v0,0.49495963031677315,0.3142857142857143,0.7666666666666666,0.42936507936507934
lrr_ohe_f0_d0_b0_c36_v0,0.6289925814925815,0.44761904761904764,0.7,0.5841269841269842
svm_le_f0_d0_b0_c36_v0,0.4717026095597524,0.28095238095238095,0.9,0.3984126984126984
svm_ohe_f0_d0_b0_c36_v0,0.6212643969786827,0.38571428571428573,0.8333333333333334,0.5777777777777777
