,RR,accuracy,reassignment,t3
nb_le_f0_d0_b0_c2_v0,0.46410531267674127,0.2857142857142857,0.8252427184466019,0.3888888888888889
nb_ohe_f0_d0_b0_c2_v0,0.6292554799697657,0.43333333333333335,0.7,0.5896825396825397
lrr_le_f0_d0_b0_c2_v0,0.5067138945710374,0.34285714285714286,0.7766990291262136,0.44126984126984126
lrr_ohe_f0_d0_b0_c2_v0,0.6377379763094049,0.4666666666666667,0.6333333333333333,0.5928571428571429
svm_le_f0_d0_b0_c2_v0,0.47202975595832736,0.2857142857142857,0.7766990291262136,0.3984126984126984
svm_ohe_f0_d0_b0_c2_v0,0.6235563114134542,0.3761904761904762,0.8,0.580952380952381
