,RR,accuracy,reassignment,t3
nb_le_f0_d0_b0_c0_v0,0.4662973005830149,0.2857142857142857,0.8333333333333334,0.3968253968253968
nb_ohe_f0_d0_b0_c0_v0,0.6283783940926798,0.42857142857142855,0.7,0.5896825396825397
lrr_le_f0_d0_b0_c0_v0,0.49697152054294913,0.3238095238095238,0.7666666666666666,0.4301587301587302
lrr_ohe_f0_d0_b0_c0_v0,0.6474924942782085,0.47619047619047616,0.7666666666666666,0.6007936507936508
svm_le_f0_d0_b0_c0_v0,0.4822301243729815,0.2714285714285714,0.8333333333333334,0.4103174603174603
svm_ohe_f0_d0_b0_c0_v0,0.6263662131519274,0.37142857142857144,0.8333333333333334,0.5857142857142857
